label,mean_x,_mean_y
A,-6.868429118773943,-0.014904214559386982
B,0.013730468749999974,5.381894531250002
D,-0.9552060737527114,-2.1273535791757054
C,5.962514851485144,0.017405940594059408
